id,emotion
0,0
1,1
2,4
3,6
4,3
5,3
6,2
7,0
8,2
9,0
10,3
11,0
12,4
13,2
14,6
15,2
16,5
17,0
18,5
19,3
20,2
21,5
22,0
23,4
24,0
25,2
26,4
27,4
28,0
29,2
30,3
31,6
32,3
33,6
34,0
35,4
36,6
37,2
38,6
39,3
40,0
41,4
42,4
43,2
44,6
45,3
46,5
47,3
48,5
49,6
50,0
51,3
52,5
53,4
54,4
55,3
56,4
57,2
58,5
59,3
60,6
61,3
62,4
63,3
64,5
65,3
66,5
67,4
68,2
69,6
70,0
71,5
72,6
73,6
74,2
75,6
76,5
77,6
78,4
79,4
80,0
81,0
82,1
83,3
84,5
85,4
86,3
87,3
88,3
89,3
90,6
91,0
92,6
93,4
94,5
95,2
96,3
97,3
98,3
99,0
100,3
101,6
102,0
103,3
104,2
105,3
106,6
107,6
108,5
109,3
110,3
111,0
112,0
113,2
114,3
115,2
116,3
117,6
118,2
119,6
120,5
121,0
122,0
123,2
124,4
125,6
126,3
127,6
128,5
129,5
130,2
131,0
132,2
133,6
134,5
135,5
136,5
137,6
138,2
139,6
140,6
141,3
142,1
143,4
144,4
145,6
146,3
147,3
148,3
149,2
150,2
151,0
152,5
153,3
154,5
155,5
156,4
157,5
158,0
159,3
160,0
161,3
162,3
163,0
164,6
165,6
166,3
167,4
168,5
169,3
170,6
171,4
172,5
173,6
174,0
175,0
176,0
177,4
178,4
179,5
180,4
181,3
182,5
183,3
184,3
185,0
186,4
187,3
188,3
189,3
190,4
191,6
192,5
193,5
194,3
195,6
196,5
197,6
198,0
199,1
200,3
201,6
202,2
203,3
204,6
205,2
206,0
207,4
208,2
209,2
210,6
211,0
212,4
213,4
214,4
215,2
216,5
217,4
218,0
219,3
220,3
221,4
222,5
223,0
224,0
225,3
226,5
227,6
228,4
229,3
230,1
231,6
232,5
233,2
234,3
235,4
236,3
237,0
238,0
239,6
240,3
241,6
242,6
243,0
244,1
245,3
246,3
247,3
248,0
249,6
250,4
251,2
252,4
253,3
254,3
255,6
256,5
257,4
258,2
259,6
260,0
261,1
262,0
263,6
264,2
265,0
266,0
267,3
268,3
269,4
270,2
271,6
272,5
273,3
274,5
275,3
276,4
277,5
278,1
279,6
280,3
281,3
282,6
283,2
284,4
285,0
286,0
287,0
288,6
289,2
290,5
291,3
292,6
293,4
294,3
295,6
296,2
297,6
298,6
299,5
300,6
301,4
302,2
303,3
304,0
305,3
306,5
307,3
308,3
309,3
310,3
311,3
312,2
313,6
314,1
315,0
316,4
317,2
318,2
319,3
320,4
321,2
322,3
323,6
324,0
325,4
326,0
327,3
328,3
329,5
330,3
331,3
332,0
333,3
334,2
335,3
336,5
337,4
338,0
339,3
340,4
341,5
342,2
343,4
344,0
345,6
346,6
347,3
348,2
349,4
350,6
351,0
352,6
353,3
354,4
355,4
356,3
357,0
358,3
359,2
360,2
361,2
362,3
363,6
364,5
365,3
366,3
367,3
368,2
369,4
370,3
371,6
372,4
373,4
374,4
375,2
376,0
377,5
378,4
379,4
380,0
381,5
382,3
383,2
384,3
385,6
386,3
387,5
388,4
389,1
390,6
391,6
392,3
393,5
394,0
395,5
396,2
397,2
398,2
399,0
400,0
401,5
402,3
403,4
404,2
405,4
406,5
407,5
408,5
409,5
410,0
411,5
412,4
413,3
414,3
415,3
416,6
417,2
418,5
419,4
420,6
421,3
422,5
423,0
424,6
425,0
426,4
427,3
428,3
429,4
430,4
431,4
432,4
433,6
434,3
435,6
436,6
437,2
438,3
439,0
440,0
441,4
442,6
443,2
444,0
445,2
446,0
447,5
448,2
449,1
450,0
451,3
452,6
453,4
454,4
455,5
456,2
457,4
458,0
459,6
460,5
461,5
462,0
463,3
464,6
465,4
466,2
467,6
468,3
469,2
470,3
471,5
472,6
473,6
474,6
475,1
476,3
477,6
478,2
479,4
480,0
481,6
482,3
483,0
484,6
485,4
486,6
487,5
488,3
489,6
490,2
491,2
492,3
493,0
494,4
495,4
496,5
497,4
498,4
499,2
500,6
501,2
502,3
503,5
504,0
505,3
506,3
507,6
508,0
509,4
510,2
511,3
512,0
513,5
514,2
515,3
516,5
517,4
518,0
519,4
520,3
521,6
522,4
523,6
524,3
525,3
526,3
527,5
528,4
529,2
530,0
531,3
532,5
533,5
534,4
535,6
536,6
537,6
538,5
539,3
540,2
541,6
542,4
543,3
544,5
545,0
546,2
547,6
548,3
549,3
550,0
551,2
552,4
553,2
554,0
555,4
556,2
557,0
558,0
559,6
560,1
561,4
562,5
563,0
564,2
565,5
566,6
567,5
568,2
569,0
570,0
571,3
572,6
573,0
574,5
575,2
576,2
577,3
578,2
579,5
580,2
581,3
582,2
583,3
584,5
585,2
586,4
587,5
588,6
589,4
590,6
591,3
592,4
593,6
594,3
595,6
596,4
597,4
598,4
599,0
600,4
601,6
602,6
603,6
604,3
605,4
606,2
607,4
608,4
609,4
610,0
611,5
612,3
613,4
614,5
615,6
616,0
617,6
618,2
619,2
620,3
621,2
622,4
623,3
624,3
625,3
626,4
627,2
628,3
629,3
630,6
631,3
632,0
633,4
634,3
635,0
636,5
637,2
638,0
639,0
640,2
641,4
642,3
643,6
644,3
645,5
646,3
647,5
648,5
649,3
650,2
651,2
652,2
653,3
654,2
655,2
656,3
657,2
658,4
659,5
660,4
661,3
662,3
663,3
664,3
665,5
666,6
667,2
668,4
669,0
670,4
671,6
672,4
673,2
674,4
675,6
676,0
677,4
678,4
679,6
680,2
681,2
682,5
683,6
684,4
685,6
686,6
687,3
688,6
689,3
690,3
691,5
692,4
693,5
694,6
695,3
696,2
697,3
698,2
699,0
700,2
701,3
702,2
703,4
704,5
705,0
706,3
707,0
708,3
709,3
710,0
711,4
712,2
713,3
714,3
715,3
716,4
717,2
718,3
719,6
720,2
721,3
722,3
723,0
724,4
725,0
726,0
727,2
728,6
729,6
730,3
731,2
732,6
733,6
734,3
735,2
736,6
737,4
738,3
739,3
740,6
741,0
742,0
743,6
744,3
745,2
746,0
747,3
748,5
749,3
750,3
751,3
752,0
753,2
754,6
755,3
756,0
757,5
758,3
759,4
760,3
761,0
762,0
763,3
764,2
765,3
766,3
767,6
768,0
769,2
770,3
771,0
772,4
773,2
774,3
775,6
776,3
777,6
778,6
779,2
780,4
781,6
782,2
783,2
784,0
785,6
786,3
787,2
788,2
789,2
790,0
791,6
792,3
793,4
794,0
795,3
796,6
797,5
798,0
799,5
800,3
801,4
802,5
803,1
804,2
805,3
806,5
807,5
808,6
809,4
810,3
811,0
812,4
813,6
814,0
815,4
816,6
817,3
818,0
819,2
820,4
821,2
822,4
823,2
824,5
825,6
826,5
827,2
828,5
829,4
830,0
831,5
832,2
833,5
834,2
835,0
836,6
837,4
838,1
839,0
840,6
841,4
842,5
843,4
844,4
845,0
846,3
847,6
848,5
849,5
850,6
851,4
852,4
853,6
854,2
855,2
856,4
857,3
858,2
859,5
860,4
861,5
862,0
863,0
864,4
865,0
866,1
867,4
868,3
869,3
870,3
871,4
872,0
873,0
874,4
875,4
876,4
877,5
878,3
879,0
880,3
881,6
882,6
883,6
884,5
885,4
886,2
887,0
888,4
889,5
890,0
891,5
892,6
893,4
894,2
895,0
896,0
897,3
898,6
899,6
900,6
901,2
902,2
903,3
904,5
905,0
906,3
907,5
908,4
909,5
910,5
911,4
912,6
913,4
914,4
915,6
916,4
917,6
918,4
919,4
920,2
921,1
922,3
923,4
924,4
925,3
926,4
927,6
928,6
929,4
930,6
931,0
932,5
933,4
934,3
935,4
936,3
937,5
938,3
939,3
940,3
941,3
942,6
943,4
944,0
945,4
946,2
947,6
948,3
949,3
950,2
951,2
952,0
953,2
954,2
955,6
956,4
957,6
958,6
959,3
960,0
961,2
962,0
963,5
964,5
965,2
966,0
967,2
968,5
969,3
970,3
971,3
972,3
973,0
974,6
975,2
976,0
977,6
978,4
979,2
980,4
981,5
982,5
983,4
984,4
985,6
986,3
987,3
988,3
989,2
990,3
991,6
992,2
993,6
994,4
995,6
996,2
997,0
998,3
999,3
1000,2
1001,4
1002,6
1003,2
1004,2
1005,6
1006,4
1007,2
1008,3
1009,2
1010,0
1011,2
1012,6
1013,3
1014,2
1015,3
1016,6
1017,2
1018,3
1019,4
1020,6
1021,0
1022,2
1023,1
1024,2
1025,0
1026,2
1027,2
1028,4
1029,2
1030,5
1031,3
1032,3
1033,3
1034,4
1035,3
1036,3
1037,0
1038,5
1039,3
1040,4
1041,6
1042,3
1043,6
1044,2
1045,6
1046,4
1047,4
1048,4
1049,6
1050,3
1051,6
1052,4
1053,2
1054,5
1055,3
1056,4
1057,3
1058,3
1059,1
1060,3
1061,3
1062,5
1063,3
1064,3
1065,6
1066,6
1067,3
1068,2
1069,3
1070,4
1071,4
1072,4
1073,3
1074,4
1075,2
1076,0
1077,4
1078,6
1079,0
1080,3
1081,3
1082,5
1083,4
1084,2
1085,6
1086,2
1087,5
1088,5
1089,5
1090,0
1091,3
1092,3
1093,3
1094,5
1095,4
1096,6
1097,3
1098,0
1099,3
1100,6
1101,0
1102,3
1103,2
1104,2
1105,1
1106,0
1107,4
1108,0
1109,0
1110,4
1111,6
1112,3
1113,6
1114,5
1115,5
1116,4
1117,3
1118,2
1119,3
1120,5
1121,0
1122,3
1123,4
1124,5
1125,3
1126,4
1127,3
1128,3
1129,0
1130,2
1131,6
1132,6
1133,3
1134,3
1135,3
1136,5
1137,2
1138,3
1139,6
1140,5
1141,0
1142,0
1143,4
1144,6
1145,4
1146,0
1147,3
1148,6
1149,4
1150,6
1151,0
1152,4
1153,0
1154,5
1155,5
1156,3
1157,0
1158,3
1159,0
1160,2
1161,2
1162,2
1163,6
1164,4
1165,5
1166,4
1167,4
1168,6
1169,0
1170,2
1171,2
1172,3
1173,5
1174,2
1175,5
1176,6
1177,5
1178,2
1179,2
1180,3
1181,6
1182,6
1183,2
1184,6
1185,3
1186,3
1187,5
1188,4
1189,3
1190,2
1191,4
1192,0
1193,6
1194,3
1195,5
1196,3
1197,2
1198,3
1199,2
1200,5
1201,3
1202,2
1203,2
1204,6
1205,4
1206,6
1207,6
1208,3
1209,2
1210,3
1211,5
1212,6
1213,4
1214,2
1215,2
1216,2
1217,3
1218,5
1219,6
1220,0
1221,3
1222,0
1223,3
1224,0
1225,3
1226,2
1227,4
1228,4
1229,3
1230,6
1231,3
1232,4
1233,4
1234,6
1235,6
1236,3
1237,3
1238,0
1239,6
1240,4
1241,0
1242,1
1243,5
1244,6
1245,5
1246,5
1247,4
1248,5
1249,3
1250,3
1251,4
1252,3
1253,0
1254,0
1255,4
1256,3
1257,2
1258,3
1259,6
1260,6
1261,4
1262,0
1263,4
1264,4
1265,3
1266,3
1267,0
1268,0
1269,6
1270,3
1271,0
1272,3
1273,4
1274,2
1275,5
1276,4
1277,4
1278,3
1279,3
1280,5
1281,2
1282,3
1283,3
1284,3
1285,2
1286,3
1287,6
1288,5
1289,4
1290,3
1291,4
1292,4
1293,0
1294,3
1295,0
1296,5
1297,3
1298,6
1299,5
1300,0
1301,6
1302,3
1303,6
1304,2
1305,2
1306,0
1307,3
1308,4
1309,6
1310,6
1311,6
1312,3
1313,2
1314,4
1315,0
1316,4
1317,0
1318,2
1319,0
1320,2
1321,6
1322,3
1323,4
1324,3
1325,3
1326,4
1327,6
1328,5
1329,6
1330,6
1331,2
1332,6
1333,4
1334,2
1335,6
1336,4
1337,5
1338,0
1339,5
1340,3
1341,4
1342,6
1343,3
1344,6
1345,6
1346,6
1347,4
1348,3
1349,0
1350,0
1351,6
1352,3
1353,2
1354,6
1355,3
1356,6
1357,0
1358,5
1359,5
1360,3
1361,2
1362,5
1363,6
1364,5
1365,2
1366,6
1367,2
1368,2
1369,2
1370,0
1371,4
1372,5
1373,0
1374,3
1375,2
1376,0
1377,2
1378,5
1379,4
1380,3
1381,4
1382,3
1383,0
1384,0
1385,4
1386,3
1387,6
1388,3
1389,3
1390,3
1391,6
1392,3
1393,3
1394,6
1395,4
1396,3
1397,3
1398,3
1399,5
1400,6
1401,6
1402,3
1403,5
1404,1
1405,3
1406,2
1407,3
1408,6
1409,4
1410,3
1411,0
1412,6
1413,6
1414,4
1415,2
1416,6
1417,2
1418,3
1419,0
1420,2
1421,4
1422,3
1423,0
1424,4
1425,4
1426,3
1427,5
1428,4
1429,4
1430,5
1431,2
1432,1
1433,5
1434,3
1435,4
1436,2
1437,6
1438,3
1439,6
1440,6
1441,4
1442,2
1443,5
1444,0
1445,4
1446,3
1447,2
1448,6
1449,3
1450,6
1451,6
1452,6
1453,4
1454,3
1455,3
1456,0
1457,3
1458,6
1459,3
1460,6
1461,4
1462,0
1463,3
1464,5
1465,5
1466,3
1467,3
1468,5
1469,3
1470,4
1471,3
1472,4
1473,3
1474,4
1475,5
1476,3
1477,3
1478,3
1479,3
1480,6
1481,5
1482,2
1483,5
1484,3
1485,0
1486,6
1487,2
1488,6
1489,6
1490,6
1491,6
1492,3
1493,5
1494,6
1495,5
1496,2
1497,2
1498,2
1499,4
1500,5
1501,6
1502,4
1503,6
1504,0
1505,4
1506,4
1507,3
1508,3
1509,6
1510,4
1511,6
1512,3
1513,2
1514,5
1515,4
1516,5
1517,4
1518,0
1519,3
1520,6
1521,0
1522,4
1523,2
1524,4
1525,6
1526,0
1527,3
1528,2
1529,6
1530,2
1531,2
1532,3
1533,2
1534,5
1535,2
1536,3
1537,0
1538,2
1539,3
1540,3
1541,2
1542,4
1543,1
1544,2
1545,4
1546,6
1547,3
1548,6
1549,6
1550,0
1551,0
1552,3
1553,0
1554,3
1555,3
1556,3
1557,6
1558,3
1559,0
1560,6
1561,4
1562,6
1563,4
1564,0
1565,4
1566,6
1567,3
1568,4
1569,6
1570,2
1571,3
1572,6
1573,5
1574,6
1575,3
1576,0
1577,3
1578,6
1579,3
1580,4
1581,0
1582,3
1583,4
1584,5
1585,6
1586,6
1587,2
1588,3
1589,4
1590,3
1591,5
1592,6
1593,0
1594,5
1595,6
1596,0
1597,2
1598,3
1599,4
1600,0
1601,4
1602,6
1603,5
1604,6
1605,4
1606,2
1607,2
1608,0
1609,2
1610,6
1611,0
1612,2
1613,5
1614,4
1615,2
1616,0
1617,4
1618,0
1619,3
1620,3
1621,3
1622,4
1623,3
1624,2
1625,3
1626,2
1627,5
1628,3
1629,3
1630,6
1631,0
1632,3
1633,3
1634,3
1635,4
1636,6
1637,6
1638,1
1639,3
1640,2
1641,3
1642,3
1643,6
1644,6
1645,6
1646,5
1647,2
1648,2
1649,4
1650,3
1651,2
1652,3
1653,6
1654,4
1655,4
1656,6
1657,6
1658,6
1659,5
1660,1
1661,6
1662,6
1663,3
1664,6
1665,6
1666,2
1667,6
1668,4
1669,4
1670,6
1671,3
1672,2
1673,0
1674,4
1675,0
1676,6
1677,6
1678,5
1679,5
1680,4
1681,5
1682,3
1683,3
1684,5
1685,0
1686,6
1687,2
1688,6
1689,0
1690,0
1691,3
1692,3
1693,4
1694,3
1695,4
1696,1
1697,3
1698,3
1699,6
1700,3
1701,4
1702,4
1703,5
1704,0
1705,3
1706,0
1707,3
1708,3
1709,4
1710,6
1711,0
1712,4
1713,6
1714,5
1715,3
1716,3
1717,6
1718,5
1719,1
1720,6
1721,0
1722,3
1723,4
1724,4
1725,4
1726,4
1727,3
1728,3
1729,4
1730,4
1731,4
1732,6
1733,4
1734,3
1735,4
1736,0
1737,0
1738,0
1739,5
1740,3
1741,6
1742,5
1743,3
1744,5
1745,6
1746,4
1747,0
1748,6
1749,0
1750,2
1751,0
1752,5
1753,4
1754,3
1755,2
1756,2
1757,4
1758,2
1759,2
1760,4
1761,0
1762,3
1763,6
1764,4
1765,6
1766,2
1767,3
1768,3
1769,3
1770,0
1771,2
1772,6
1773,2
1774,6
1775,0
1776,6
1777,0
1778,4
1779,6
1780,5
1781,0
1782,2
1783,2
1784,0
1785,3
1786,5
1787,3
1788,0
1789,3
1790,1
1791,3
1792,2
1793,5
1794,0
1795,4
1796,4
1797,0
1798,5
1799,0
1800,0
1801,6
1802,4
1803,6
1804,5
1805,0
1806,6
1807,3
1808,3
1809,5
1810,4
1811,5
1812,3
1813,6
1814,4
1815,2
1816,4
1817,0
1818,6
1819,6
1820,4
1821,6
1822,3
1823,2
1824,3
1825,6
1826,0
1827,3
1828,5
1829,2
1830,6
1831,4
1832,4
1833,3
1834,6
1835,0
1836,0
1837,6
1838,6
1839,0
1840,2
1841,1
1842,6
1843,4
1844,6
1845,3
1846,2
1847,2
1848,4
1849,2
1850,6
1851,3
1852,6
1853,2
1854,0
1855,2
1856,4
1857,6
1858,5
1859,5
1860,3
1861,2
1862,3
1863,3
1864,5
1865,5
1866,4
1867,4
1868,3
1869,2
1870,2
1871,3
1872,6
1873,3
1874,6
1875,0
1876,3
1877,5
1878,3
1879,4
1880,0
1881,5
1882,5
1883,0
1884,0
1885,2
1886,4
1887,5
1888,5
1889,5
1890,0
1891,6
1892,1
1893,4
1894,3
1895,3
1896,0
1897,2
1898,4
1899,3
1900,0
1901,3
1902,4
1903,5
1904,6
1905,6
1906,6
1907,6
1908,4
1909,6
1910,0
1911,5
1912,2
1913,6
1914,5
1915,6
1916,5
1917,3
1918,0
1919,5
1920,2
1921,5
1922,0
1923,4
1924,4
1925,4
1926,3
1927,3
1928,3
1929,2
1930,1
1931,5
1932,2
1933,6
1934,6
1935,5
1936,4
1937,3
1938,6
1939,5
1940,0
1941,4
1942,3
1943,3
1944,4
1945,4
1946,4
1947,4
1948,2
1949,5
1950,4
1951,2
1952,3
1953,6
1954,3
1955,3
1956,4
1957,6
1958,3
1959,3
1960,5
1961,3
1962,4
1963,3
1964,0
1965,4
1966,3
1967,3
1968,6
1969,3
1970,3
1971,2
1972,5
1973,3
1974,3
1975,6
1976,0
1977,6
1978,2
1979,3
1980,3
1981,0
1982,4
1983,6
1984,3
1985,0
1986,2
1987,0
1988,3
1989,3
1990,2
1991,3
1992,4
1993,4
1994,6
1995,3
1996,4
1997,2
1998,6
1999,6
2000,0
2001,3
2002,4
2003,4
2004,6
2005,5
2006,4
2007,2
2008,6
2009,6
2010,1
2011,3
2012,2
2013,6
2014,2
2015,3
2016,5
2017,5
2018,2
2019,3
2020,2
2021,3
2022,4
2023,2
2024,2
2025,3
2026,2
2027,6
2028,3
2029,3
2030,5
2031,4
2032,3
2033,0
2034,4
2035,2
2036,0
2037,0
2038,2
2039,2
2040,3
2041,4
2042,5
2043,4
2044,2
2045,2
2046,3
2047,0
2048,4
2049,2
2050,0
2051,3
2052,1
2053,6
2054,4
2055,4
2056,6
2057,6
2058,4
2059,3
2060,5
2061,2
2062,3
2063,3
2064,1
2065,2
2066,6
2067,4
2068,3
2069,5
2070,3
2071,3
2072,1
2073,6
2074,0
2075,4
2076,4
2077,6
2078,5
2079,6
2080,4
2081,5
2082,4
2083,5
2084,3
2085,6
2086,3
2087,3
2088,0
2089,2
2090,2
2091,4
2092,3
2093,3
2094,2
2095,3
2096,3
2097,2
2098,3
2099,3
2100,6
2101,4
2102,5
2103,3
2104,2
2105,3
2106,0
2107,4
2108,4
2109,4
2110,6
2111,3
2112,5
2113,3
2114,3
2115,3
2116,3
2117,3
2118,3
2119,1
2120,2
2121,3
2122,0
2123,3
2124,4
2125,0
2126,3
2127,3
2128,3
2129,4
2130,4
2131,2
2132,6
2133,3
2134,6
2135,6
2136,0
2137,4
2138,0
2139,3
2140,3
2141,6
2142,3
2143,0
2144,4
2145,3
2146,3
2147,3
2148,2
2149,1
2150,3
2151,6
2152,3
2153,5
2154,4
2155,3
2156,3
2157,5
2158,4
2159,5
2160,6
2161,3
2162,3
2163,0
2164,5
2165,3
2166,3
2167,5
2168,6
2169,2
2170,4
2171,4
2172,3
2173,6
2174,6
2175,6
2176,3
2177,0
2178,0
2179,6
2180,5
2181,0
2182,3
2183,4
2184,3
2185,3
2186,2
2187,2
2188,3
2189,4
2190,5
2191,4
2192,0
2193,3
2194,3
2195,3
2196,0
2197,3
2198,1
2199,3
2200,3
2201,6
2202,4
2203,3
2204,4
2205,2
2206,3
2207,6
2208,3
2209,6
2210,4
2211,3
2212,3
2213,4
2214,4
2215,5
2216,2
2217,6
2218,4
2219,1
2220,5
2221,0
2222,0
2223,6
2224,0
2225,6
2226,5
2227,2
2228,6
2229,3
2230,6
2231,2
2232,2
2233,3
2234,5
2235,0
2236,6
2237,4
2238,2
2239,3
2240,5
2241,4
2242,3
2243,0
2244,6
2245,6
2246,3
2247,2
2248,4
2249,4
2250,6
2251,3
2252,3
2253,3
2254,4
2255,5
2256,3
2257,2
2258,0
2259,4
2260,4
2261,3
2262,5
2263,0
2264,6
2265,3
2266,3
2267,6
2268,0
2269,5
2270,3
2271,4
2272,3
2273,0
2274,2
2275,3
2276,6
2277,3
2278,6
2279,4
2280,5
2281,6
2282,4
2283,6
2284,5
2285,4
2286,3
2287,4
2288,6
2289,6
2290,3
2291,3
2292,3
2293,4
2294,3
2295,2
2296,5
2297,3
2298,2
2299,5
2300,4
2301,3
2302,3
2303,3
2304,0
2305,2
2306,2
2307,3
2308,3
2309,3
2310,0
2311,3
2312,6
2313,3
2314,6
2315,3
2316,4
2317,6
2318,3
2319,0
2320,3
2321,5
2322,0
2323,4
2324,0
2325,5
2326,3
2327,4
2328,5
2329,6
2330,3
2331,4
2332,6
2333,0
2334,3
2335,0
2336,0
2337,2
2338,5
2339,3
2340,4
2341,6
2342,3
2343,3
2344,3
2345,5
2346,5
2347,3
2348,6
2349,5
2350,6
2351,4
2352,3
2353,3
2354,3
2355,0
2356,4
2357,3
2358,4
2359,4
2360,0
2361,6
2362,5
2363,4
2364,6
2365,3
2366,6
2367,3
2368,0
2369,4
2370,2
2371,3
2372,0
2373,2
2374,0
2375,3
2376,3
2377,3
2378,3
2379,0
2380,3
2381,2
2382,5
2383,4
2384,2
2385,4
2386,5
2387,6
2388,5
2389,0
2390,4
2391,0
2392,3
2393,5
2394,0
2395,4
2396,2
2397,3
2398,2
2399,0
2400,4
2401,6
2402,4
2403,3
2404,4
2405,2
2406,4
2407,2
2408,4
2409,3
2410,3
2411,0
2412,3
2413,2
2414,6
2415,3
2416,0
2417,5
2418,6
2419,3
2420,6
2421,2
2422,3
2423,6
2424,3
2425,3
2426,6
2427,3
2428,3
2429,0
2430,6
2431,3
2432,3
2433,0
2434,4
2435,3
2436,3
2437,3
2438,5
2439,3
2440,4
2441,3
2442,0
2443,0
2444,0
2445,0
2446,2
2447,4
2448,2
2449,4
2450,2
2451,3
2452,4
2453,0
2454,5
2455,6
2456,3
2457,4
2458,3
2459,4
2460,6
2461,3
2462,3
2463,6
2464,5
2465,4
2466,4
2467,3
2468,3
2469,3
2470,3
2471,6
2472,5
2473,4
2474,4
2475,2
2476,5
2477,4
2478,5
2479,2
2480,6
2481,4
2482,4
2483,5
2484,0
2485,5
2486,0
2487,1
2488,4
2489,5
2490,5
2491,3
2492,2
2493,3
2494,0
2495,2
2496,1
2497,5
2498,0
2499,3
2500,3
2501,0
2502,6
2503,6
2504,0
2505,3
2506,2
2507,4
2508,4
2509,4
2510,5
2511,4
2512,0
2513,0
2514,5
2515,5
2516,4
2517,5
2518,4
2519,2
2520,0
2521,3
2522,0
2523,1
2524,3
2525,0
2526,0
2527,3
2528,4
2529,6
2530,3
2531,6
2532,3
2533,3
2534,3
2535,6
2536,3
2537,6
2538,0
2539,4
2540,4
2541,3
2542,3
2543,6
2544,0
2545,2
2546,3
2547,3
2548,6
2549,3
2550,2
2551,6
2552,0
2553,2
2554,6
2555,6
2556,4
2557,0
2558,4
2559,6
2560,6
2561,2
2562,0
2563,4
2564,2
2565,3
2566,6
2567,3
2568,4
2569,6
2570,0
2571,0
2572,4
2573,3
2574,4
2575,6
2576,3
2577,2
2578,6
2579,4
2580,3
2581,4
2582,3
2583,3
2584,0
2585,5
2586,3
2587,0
2588,3
2589,3
2590,2
2591,4
2592,3
2593,4
2594,3
2595,5
2596,3
2597,5
2598,6
2599,3
2600,3
2601,0
2602,2
2603,2
2604,4
2605,3
2606,6
2607,3
2608,6
2609,6
2610,4
2611,3
2612,4
2613,1
2614,1
2615,5
2616,4
2617,4
2618,4
2619,4
2620,3
2621,2
2622,0
2623,6
2624,4
2625,3
2626,3
2627,4
2628,0
2629,0
2630,3
2631,5
2632,2
2633,2
2634,0
2635,6
2636,5
2637,3
2638,6
2639,5
2640,3
2641,3
2642,4
2643,6
2644,5
2645,5
2646,4
2647,2
2648,2
2649,3
2650,3
2651,2
2652,3
2653,2
2654,3
2655,5
2656,6
2657,3
2658,4
2659,1
2660,6
2661,3
2662,6
2663,2
2664,6
2665,3
2666,2
2667,3
2668,3
2669,0
2670,2
2671,6
2672,4
2673,6
2674,0
2675,3
2676,3
2677,4
2678,4
2679,0
2680,3
2681,4
2682,5
2683,5
2684,4
2685,4
2686,2
2687,2
2688,4
2689,2
2690,3
2691,1
2692,4
2693,3
2694,2
2695,4
2696,5
2697,4
2698,4
2699,4
2700,4
2701,3
2702,2
2703,6
2704,3
2705,6
2706,6
2707,4
2708,4
2709,2
2710,3
2711,3
2712,2
2713,3
2714,5
2715,4
2716,6
2717,2
2718,2
2719,2
2720,0
2721,0
2722,4
2723,6
2724,5
2725,4
2726,6
2727,6
2728,4
2729,3
2730,3
2731,3
2732,2
2733,0
2734,6
2735,0
2736,0
2737,6
2738,0
2739,5
2740,2
2741,0
2742,5
2743,3
2744,3
2745,4
2746,4
2747,3
2748,3
2749,3
2750,4
2751,4
2752,2
2753,3
2754,5
2755,5
2756,2
2757,6
2758,6
2759,4
2760,6
2761,4
2762,4
2763,0
2764,5
2765,3
2766,2
2767,0
2768,2
2769,6
2770,5
2771,4
2772,2
2773,3
2774,6
2775,4
2776,0
2777,6
2778,6
2779,2
2780,2
2781,4
2782,0
2783,2
2784,5
2785,0
2786,2
2787,5
2788,0
2789,2
2790,4
2791,0
2792,6
2793,6
2794,4
2795,5
2796,0
2797,4
2798,6
2799,4
2800,3
2801,4
2802,4
2803,5
2804,2
2805,3
2806,3
2807,4
2808,6
2809,0
2810,0
2811,2
2812,4
2813,4
2814,5
2815,3
2816,3
2817,2
2818,4
2819,5
2820,0
2821,0
2822,3
2823,3
2824,5
2825,4
2826,2
2827,4
2828,4
2829,0
2830,4
2831,3
2832,6
2833,3
2834,0
2835,0
2836,5
2837,6
2838,4
2839,4
2840,0
2841,5
2842,3
2843,4
2844,6
2845,3
2846,4
2847,5
2848,3
2849,3
2850,5
2851,2
2852,6
2853,2
2854,5
2855,0
2856,6
2857,2
2858,2
2859,2
2860,2
2861,5
2862,3
2863,3
2864,3
2865,3
2866,2
2867,6
2868,3
2869,6
2870,2
2871,4
2872,0
2873,6
2874,4
2875,2
2876,4
2877,0
2878,5
2879,2
2880,0
2881,0
2882,6
2883,0
2884,6
2885,5
2886,0
2887,6
2888,3
2889,3
2890,0
2891,4
2892,4
2893,6
2894,0
2895,1
2896,3
2897,3
2898,5
2899,6
2900,0
2901,4
2902,0
2903,5
2904,0
2905,6
2906,4
2907,4
2908,3
2909,5
2910,4
2911,3
2912,3
2913,0
2914,6
2915,6
2916,2
2917,4
2918,3
2919,3
2920,3
2921,2
2922,5
2923,5
2924,5
2925,4
2926,0
2927,3
2928,3
2929,2
2930,2
2931,5
2932,3
2933,4
2934,4
2935,3
2936,3
2937,4
2938,6
2939,0
2940,6
2941,6
2942,3
2943,4
2944,4
2945,4
2946,2
2947,4
2948,0
2949,6
2950,3
2951,4
2952,2
2953,5
2954,4
2955,5
2956,4
2957,0
2958,5
2959,3
2960,4
2961,0
2962,5
2963,2
2964,0
2965,3
2966,3
2967,4
2968,6
2969,2
2970,3
2971,6
2972,2
2973,3
2974,3
2975,2
2976,6
2977,5
2978,3
2979,6
2980,3
2981,6
2982,3
2983,0
2984,0
2985,0
2986,6
2987,3
2988,3
2989,5
2990,5
2991,4
2992,6
2993,2
2994,0
2995,6
2996,4
2997,0
2998,3
2999,4
3000,3
3001,4
3002,0
3003,4
3004,6
3005,6
3006,5
3007,0
3008,2
3009,3
3010,2
3011,4
3012,4
3013,0
3014,3
3015,3
3016,3
3017,0
3018,3
3019,4
3020,0
3021,3
3022,5
3023,2
3024,4
3025,3
3026,2
3027,2
3028,3
3029,2
3030,3
3031,4
3032,5
3033,3
3034,2
3035,5
3036,6
3037,3
3038,5
3039,6
3040,0
3041,6
3042,6
3043,3
3044,6
3045,3
3046,3
3047,3
3048,3
3049,5
3050,4
3051,3
3052,3
3053,4
3054,5
3055,6
3056,3
3057,6
3058,6
3059,2
3060,6
3061,3
3062,2
3063,3
3064,2
3065,6
3066,5
3067,6
3068,2
3069,3
3070,0
3071,2
3072,5
3073,2
3074,4
3075,5
3076,3
3077,2
3078,5
3079,4
3080,6
3081,5
3082,4
3083,3
3084,5
3085,0
3086,5
3087,1
3088,2
3089,6
3090,5
3091,2
3092,3
3093,3
3094,3
3095,2
3096,6
3097,3
3098,4
3099,6
3100,0
3101,3
3102,3
3103,5
3104,3
3105,5
3106,0
3107,4
3108,4
3109,2
3110,4
3111,6
3112,2
3113,3
3114,6
3115,4
3116,6
3117,5
3118,4
3119,1
3120,4
3121,3
3122,6
3123,6
3124,3
3125,4
3126,6
3127,4
3128,4
3129,4
3130,2
3131,0
3132,6
3133,2
3134,4
3135,2
3136,4
3137,3
3138,6
3139,5
3140,0
3141,3
3142,6
3143,4
3144,3
3145,6
3146,2
3147,3
3148,4
3149,3
3150,4
3151,2
3152,3
3153,2
3154,3
3155,2
3156,3
3157,2
3158,0
3159,4
3160,6
3161,3
3162,4
3163,5
3164,0
3165,0
3166,5
3167,6
3168,0
3169,6
3170,0
3171,6
3172,4
3173,5
3174,3
3175,6
3176,2
3177,4
3178,4
3179,0
3180,3
3181,3
3182,6
3183,5
3184,4
3185,4
3186,5
3187,3
3188,3
3189,6
3190,5
3191,4
3192,4
3193,5
3194,2
3195,2
3196,5
3197,6
3198,4
3199,3
3200,6
3201,3
3202,4
3203,4
3204,4
3205,2
3206,6
3207,2
3208,0
3209,5
3210,2
3211,2
3212,0
3213,3
3214,5
3215,6
3216,0
3217,0
3218,3
3219,0
3220,3
3221,6
3222,0
3223,0
3224,3
3225,3
3226,5
3227,0
3228,0
3229,4
3230,0
3231,2
3232,4
3233,6
3234,6
3235,2
3236,3
3237,0
3238,0
3239,0
3240,6
3241,3
3242,3
3243,3
3244,5
3245,2
3246,6
3247,6
3248,4
3249,3
3250,2
3251,6
3252,5
3253,3
3254,6
3255,3
3256,2
3257,3
3258,4
3259,5
3260,0
3261,6
3262,0
3263,3
3264,2
3265,6
3266,4
3267,4
3268,3
3269,5
3270,2
3271,4
3272,6
3273,2
3274,5
3275,4
3276,3
3277,6
3278,3
3279,4
3280,2
3281,3
3282,2
3283,4
3284,6
3285,6
3286,4
3287,6
3288,6
3289,5
3290,6
3291,2
3292,0
3293,4
3294,3
3295,5
3296,4
3297,4
3298,2
3299,6
3300,6
3301,4
3302,3
3303,3
3304,3
3305,2
3306,4
3307,6
3308,0
3309,2
3310,0
3311,6
3312,3
3313,3
3314,0
3315,0
3316,4
3317,4
3318,3
3319,6
3320,4
3321,4
3322,5
3323,6
3324,6
3325,6
3326,5
3327,3
3328,3
3329,4
3330,3
3331,5
3332,3
3333,4
3334,3
3335,4
3336,4
3337,3
3338,3
3339,3
3340,6
3341,2
3342,3
3343,2
3344,2
3345,4
3346,3
3347,1
3348,5
3349,2
3350,2
3351,4
3352,5
3353,3
3354,3
3355,4
3356,4
3357,3
3358,4
3359,3
3360,5
3361,3
3362,6
3363,0
3364,6
3365,2
3366,3
3367,2
3368,4
3369,0
3370,5
3371,3
3372,6
3373,6
3374,4
3375,3
3376,3
3377,1
3378,3
3379,2
3380,4
3381,6
3382,4
3383,3
3384,2
3385,0
3386,3
3387,5
3388,2
3389,5
3390,5
3391,3
3392,6
3393,2
3394,2
3395,2
3396,3
3397,6
3398,3
3399,3
3400,2
3401,4
3402,2
3403,0
3404,6
3405,2
3406,6
3407,6
3408,6
3409,6
3410,5
3411,1
3412,2
3413,6
3414,6
3415,4
3416,2
3417,4
3418,6
3419,3
3420,2
3421,2
3422,4
3423,5
3424,6
3425,3
3426,2
3427,3
3428,2
3429,4
3430,4
3431,3
3432,0
3433,3
3434,2
3435,3
3436,4
3437,5
3438,4
3439,5
3440,6
3441,0
3442,5
3443,5
3444,0
3445,4
3446,6
3447,3
3448,4
3449,6
3450,5
3451,3
3452,0
3453,3
3454,4
3455,4
3456,5
3457,3
3458,3
3459,2
3460,3
3461,5
3462,3
3463,0
3464,5
3465,3
3466,4
3467,5
3468,3
3469,1
3470,5
3471,2
3472,0
3473,3
3474,4
3475,4
3476,3
3477,3
3478,6
3479,3
3480,4
3481,4
3482,6
3483,6
3484,4
3485,3
3486,4
3487,0
3488,4
3489,3
3490,3
3491,0
3492,2
3493,4
3494,0
3495,0
3496,2
3497,0
3498,0
3499,2
3500,4
3501,5
3502,0
3503,5
3504,6
3505,5
3506,0
3507,6
3508,4
3509,2
3510,6
3511,6
3512,4
3513,6
3514,0
3515,3
3516,0
3517,4
3518,3
3519,6
3520,2
3521,6
3522,0
3523,2
3524,4
3525,4
3526,5
3527,3
3528,5
3529,0
3530,6
3531,0
3532,4
3533,6
3534,5
3535,3
3536,4
3537,4
3538,3
3539,3
3540,3
3541,2
3542,3
3543,0
3544,6
3545,4
3546,4
3547,4
3548,3
3549,3
3550,3
3551,1
3552,0
3553,3
3554,3
3555,4
3556,5
3557,5
3558,4
3559,4
3560,6
3561,6
3562,2
3563,6
3564,3
3565,3
3566,4
3567,4
3568,4
3569,0
3570,2
3571,4
3572,0
3573,3
3574,5
3575,5
3576,6
3577,4
3578,3
3579,4
3580,1
3581,2
3582,3
3583,3
3584,4
3585,3
3586,4
3587,4
3588,4
